{
	"globalStyle": {
		"navigationBarTextStyle": "black",
		"navigationBarBackgroundColor": "#F8F8F8",
		"navigationBarTitleText": "",
		"h5": {
			"titleNView": false
		},
		"app-plus": {
			"scrollIndicator": "none"
		}
	},
	"pages": [{
		"path": "pages/index/index",
		"style": {
			"enablePullDownRefresh": true
		}
	}, {
		"path": "pages/index/main",
		"style": {
			"enablePullDownRefresh": true
		}
	}, {
		"path": "pages/index/webView",
		"style": {
			"titleNView": false
		}
	}, {
		"path": "pages/index/webView2",
		"style": {
			"titleNView": false
		}
	}, {
		"path": "pages/index/reg",
		"style": {
			"navigationBarTitleText": "用户注册",
			"enablePullDownRefresh": false
		}
	}, {
		"path": "pages/index/login",
		"style": {
			"navigationBarTitleText": "用户登录",
			"enablePullDownRefresh": false
		}
	}, {
		"path": "pages/index/getpwd",
		"style": {
			"navigationBarTitleText": "找回密码",
			"enablePullDownRefresh": true
		}
	}, {
		"path": "pages/index/bind",
		"style": {
			"navigationBarTitleText": "绑定管理员",
			"enablePullDownRefresh": true
		}
	}, {
		"path": "pages/address/address",
		"style": {
			"navigationBarTitleText": "收货地址",
			"enablePullDownRefresh": true
		}
	}, {
		"path": "pages/address/addressadd",
		"style": {
			"navigationBarTitleText": "编辑收货地址",
			"enablePullDownRefresh": false
		}
	}, {
		"path": "pages/coupon/couponlist",
		"style": {
			"navigationBarTitleText": "领券中心",
			"enablePullDownRefresh": true
		}
	}, {
		"path": "pages/coupon/mycoupon",
		"style": {
			"enablePullDownRefresh": true
		}
	}, {
		"path": "pages/coupon/coupondetail",
		"style": {
			"enablePullDownRefresh": true
		}
	}, {
		"path": "pages/coupon/coupongive",
		"style": {
			"enablePullDownRefresh": true
		}
	}, {
		"path": "pages/maidan/maidanlog",
		"style": {
			"navigationBarTitleText": "买单付款记录",
			"enablePullDownRefresh": true,
			"titleNView": {
				"searchInput": {
					"placeholder": "输入订单号搜索",
					"borderRadius": "15px"
				},
				"buttons": [{
					"type": "home"
				}]
			}
		}
	}, {
		"path": "pages/maidan/maidandetail",
		"style": {
			"navigationBarTitleText": "买单付款详情",
			"enablePullDownRefresh": true
		}
	}, {
		"path": "pages/maidan/pay",
		"style": {
			"navigationBarTitleText": "买单付款"
		}
	}, {
		"path": "pages/money/moneylog",
		"style": {
			"enablePullDownRefresh": true
		}
	}, {
		"path": "pages/money/withdraw",
		"style": {
			"enablePullDownRefresh": true
		}
	}, {
		"path": "pages/money/recharge",
		"style": {
			"enablePullDownRefresh": true
		}
	}, {
		"path": "pages/money/rechargeToMember",
		"custom_file": "money_transfer",
		"style": {
			"enablePullDownRefresh": true
		}
	}, {
		"path": "pages/my/usercenter",
		"style": {
			"enablePullDownRefresh": true
		}
	}, {
		"path": "pages/my/levelinfo",
		"style": {
			"navigationBarTitleText": "等级说明",
			"enablePullDownRefresh": true
		}
	}, {
		"path": "pages/my/levelup",
		"style": {
			"enablePullDownRefresh": false
		}
	}, {
		"path": "pages/my/scorelog",
		"style": {
			"enablePullDownRefresh": true
		}
	}, {
		"path": "pages/my/favorite",
		"style": {
			"navigationBarTitleText": "我的收藏",
			"enablePullDownRefresh": true
		}
	}, {
		"path": "pages/my/history",
		"style": {
			"navigationBarTitleText": "我的足迹",
			"enablePullDownRefresh": true
		}
	}, {
		"path": "pages/my/paypwd",
		"style": {
			"navigationBarTitleText": "设置支付密码",
			"enablePullDownRefresh": true
		}
	}, {
		"path": "pages/my/set",
		"style": {
			"navigationBarTitleText": "个人设置",
			"enablePullDownRefresh": true
		}
	}, {
		"path": "pages/my/setpwd",
		"style": {
			"navigationBarTitleText": "修改密码",
			"enablePullDownRefresh": true
		}
	}, {
		"path": "pages/my/setnickname",
		"style": {
			"navigationBarTitleText": "设置昵称",
			"enablePullDownRefresh": false
		}
	}, {
		"path": "pages/my/setrealname",
		"style": {
			"navigationBarTitleText": "设置姓名",
			"enablePullDownRefresh": false
		}
	}, {
		"path": "pages/my/settel",
		"style": {
			"navigationBarTitleText": "设置手机号",
			"enablePullDownRefresh": false
		}
	}, {
		"path": "pages/my/setsex",
		"style": {
			"navigationBarTitleText": "设置性别",
			"enablePullDownRefresh": false
		}
	}, {
		"path": "pages/my/setbirthday",
		"style": {
			"navigationBarTitleText": "设置生日",
			"enablePullDownRefresh": false
		}
	}, {
		"path": "pages/my/setaliaccount",
		"style": {
			"navigationBarTitleText": "设置支付宝账号",
			"enablePullDownRefresh": false
		}
	}, {
		"path": "pages/my/setbankinfo",
		"style": {
			"navigationBarTitleText": "设置银行卡账号",
			"enablePullDownRefresh": false
		}
	}, {
		"path": "pages/shop/product",
		"style": {
			"navigationBarTitleText": "商品详情",
			"enablePullDownRefresh": true
		}
	}, {
		"path": "pages/shop/commentlist",
		"style": {
			"navigationBarTitleText": "商品评价",
			"enablePullDownRefresh": true
		}
	}, {
		"path": "pages/shop/cart",
		"style": {
			"navigationBarTitleText": "购物车",
			"enablePullDownRefresh": true
		}
	}, {
		"path": "pages/shop/prolist",
		"style": {
			"navigationBarTitleText": "商品列表",
			"enablePullDownRefresh": false
		}
	}, {
		"path": "pages/shop/search",
		"style": {
			"navigationBarTitleText": "商品搜索",
			"enablePullDownRefresh": false
		}
	}, {
		"path": "pages/shop/category1",
		"style": {
			"navigationBarTitleText": "商品分类",
			"enablePullDownRefresh": false
		}
	}, {
		"path": "pages/shop/category2",
		"style": {
			"navigationBarTitleText": "商品分类",
			"enablePullDownRefresh": false
		}
	}, {
		"path": "pages/shop/category3",
		"style": {
			"navigationBarTitleText": "商品分类",
			"enablePullDownRefresh": false
		}
	}, {
		"path": "pages/shop/category4",
		"style": {
			"navigationBarTitleText": "商品分类",
			"enablePullDownRefresh": false
		}
	}, {
		"path": "pages/shop/classify",
		"style": {
			"navigationBarTitleText": "分类商品",
			"enablePullDownRefresh": false
		}
	}, {
		"path": "pages/shop/classify2",
		"style": {
			"navigationBarTitleText": "分类商品",
			"enablePullDownRefresh": false
		}
	}, {
		"path": "pages/shop/fastbuy",
		"style": {
			"navigationBarTitleText": "快速购买",
			"enablePullDownRefresh": false
		}
	}, {
		"path": "pages/shop/fastbuy2",
		"style": {
			"navigationBarTitleText": "",
			"enablePullDownRefresh": false
		}
	}, {
		"path": "pages/shop/buy",
		"style": {
			"navigationBarTitleText": "订单确认",
			"enablePullDownRefresh": false
		}
	}, {
		"path": "pages/shop/mendian",
		"style": {
			"navigationBarTitleText": "门店",
			"enablePullDownRefresh": false
		}
	}, {
		"path": "pages/kefu/index",
		"style": {
			"navigationBarTitleText": "在线咨询",
			"enablePullDownRefresh": false
		}
	}, {
		"path": "pages/pay/pay",
		"style": {
			"navigationBarTitleText": "收银台",
			"enablePullDownRefresh": true
		}
	}, {
		"path": "pages/pay/transfer",
		"custom_file": "pay_transfer",
		"style": {
			"navigationBarTitleText": "",
			"enablePullDownRefresh": true
		}
	}, {
		"path": "pages/order/orderlist",
		"style": {
			"navigationBarTitleText": "订单列表",
			"enablePullDownRefresh": true
		}
	}, {
		"path": "pages/lipin/index",
		"style": {
			"navigationBarTitleText": "兑换中心",
			"enablePullDownRefresh": true
		}
	}, {
		"path": "pages/business/index",
		"style": {
			"navigationBarTitleText": "商家详情",
			"enablePullDownRefresh": true
		}
	}, {
		"path": "pages/sign/index",
		"style": {
			"navigationBarTitleText": "签到",
			"enablePullDownRefresh": true
		}
	}, {
		"path": "pages/article/artlist",
		"style": {
			"enablePullDownRefresh": true
		}
	}, {
		"path": "pages/article/detail",
		"style": {
			"enablePullDownRefresh": true
		}
	}, {
		"path": "pages/article/pinglun",
		"style": {
			"enablePullDownRefresh": true
		}
	}, {
		"path": "pages/form/formlog"
	}, {
		"path": "pages/form/formlog2"
	}, {
		"path": "pages/form/formdetail"
	},
	{
		"path" : "components/dp-shortvideo/waterfall/waterfall",
		"style" : 
		{
			"navigationBarTitleText" : "",
			"enablePullDownRefresh" : false
		}
	}],
	"subPackages": [{
		"root": "activity",
		"pages": [{
			"path": "commission/index",
			"style": {
				"enablePullDownRefresh": true
			}
		}, {
			"path": "commission/bindex",
			"style": {
				"enablePullDownRefresh": true
			}
		}, {
			"path": "commission/commissionlog",
			"style": {
				"enablePullDownRefresh": true
			}
		}, {
			"path": "commission/commissionlogMendian",
			"style": {
				"enablePullDownRefresh": true
			}
		}, {
			"path": "commission/orderMendian",
			"style": {
				"enablePullDownRefresh": true
			}
		}, {
			"path": "commission/withdraw",
			"style": {
				"enablePullDownRefresh": true
			}
		}, {
			"path": "commission/myteam",
			"style": {
				"enablePullDownRefresh": true
			}
		}, {
			"path": "commission/downorder",
			"style": {
				"navigationBarTitleText": "",
				"enablePullDownRefresh": true
			}
		}, {
			"path": "commission/poster",
			"style": {
				"navigationBarTitleText": "分享海报",
				"enablePullDownRefresh": true
			}
		}, {
			"path": "commission/fhlog",
			"style": {
				"navigationBarTitleText": "分红记录",
				"enablePullDownRefresh": true
			}
		}, {
			"path": "commission/fhorder",
			"style": {
				"navigationBarTitleText": "分红订单",
				"enablePullDownRefresh": true
			}
		}, {
			"path": "commission/fenhong",
			"style": {
				"navigationBarTitleText": "股东分红",
				"enablePullDownRefresh": true
			}
		}, {
			"path": "commission/teamfenhong",
			"style": {
				"navigationBarTitleText": "团队分红",
				"enablePullDownRefresh": true
			}
		}, {
			"path": "commission/areafenhong",
			"style": {
				"navigationBarTitleText": "区域代理分红",
				"enablePullDownRefresh": true
			}
		}, {
			"path": "commission/orderYeji",
			"style": {
				"navigationBarTitleText": "业绩统计",
				"enablePullDownRefresh": true
			}
		}, {
			"path": "commission/myteamline",
			"style": {
				"navigationBarTitleText": "我的上下级",
				"enablePullDownRefresh": true
			}
		}, {
			"path": "commission/mysameline",
			"style": {
				"navigationBarTitleText": "同等级会员",
				"enablePullDownRefresh": true
			}
		}, {
			"path": "commission/commissionrecord",
			"style": {
				"enablePullDownRefresh": true
			}
		}, {
			"path": "commission/commissionranking",
			"style": {
				"navigationBarTitleText": "佣金排行榜",
				"enablePullDownRefresh": true
			}
		}, {
			"path": "scoreshop/index",
			"style": {
				"enablePullDownRefresh": true
			}
		}, {
			"path": "scoreshop/prolist",
			"style": {
				"enablePullDownRefresh": true
			}
		}, {
			"path": "scoreshop/product",
			"style": {
				"navigationBarTitleText": "商品详情",
				"enablePullDownRefresh": true
			}
		}, {
			"path": "scoreshop/cart",
			"style": {
				"navigationBarTitleText": "购物车",
				"enablePullDownRefresh": true
			}
		}, {
			"path": "scoreshop/buy",
			"style": {
				"navigationBarTitleText": "订单确认",
				"enablePullDownRefresh": false
			}
		}, {
			"path": "scoreshop/orderlist",
			"style": {
				"enablePullDownRefresh": true,
				"titleNView": {
					"searchInput": {
						"placeholder": "输入关键字搜索",
						"borderRadius": "15px"
					},
					"buttons": [{
						"type": "home"
					}]
				}
			}
		}, {
			"path": "scoreshop/orderdetail",
			"style": {
				"navigationBarTitleText": "订单详情",
				"enablePullDownRefresh": true
			}
		}, {
			"path": "scoreshop/refund",
			"style": {
				"navigationBarTitleText": "申请退款",
				"enablePullDownRefresh": true
			}
		}, {
			"path": "kanjia/index",
			"style": {
				"navigationBarTitleText": "砍价商品列表",
				"enablePullDownRefresh": true
			}
		}, {
			"path": "kanjia/product",
			"style": {
				"navigationBarTitleText": "商品详情",
				"enablePullDownRefresh": true
			}
		}, {
			"path": "kanjia/join",
			"style": {
				"navigationBarTitleText": "砍价详情",
				"enablePullDownRefresh": true
			}
		}, {
			"path": "kanjia/helplist",
			"style": {
				"navigationBarTitleText": "帮砍列表",
				"enablePullDownRefresh": true
			}
		}, {
			"path": "kanjia/buy",
			"style": {
				"navigationBarTitleText": "订单确认",
				"enablePullDownRefresh": false
			}
		}, {
			"path": "kanjia/orderlist",
			"style": {
				"navigationBarTitleText": "砍价订单列表",
				"enablePullDownRefresh": true,
				"titleNView": {
					"searchInput": {
						"placeholder": "输入关键字搜索",
						"borderRadius": "15px"
					},
					"buttons": [{
						"type": "home"
					}]
				}
			}
		}, {
			"path": "kanjia/orderdetail",
			"style": {
				"navigationBarTitleText": "订单详情",
				"enablePullDownRefresh": true
			}
		}, {
			"path": "kanjia/refund",
			"style": {
				"navigationBarTitleText": "申请退款",
				"enablePullDownRefresh": true
			}
		}, {
			"path": "collage/index",
			"style": {
				"navigationBarTitleText": "拼团商品列表",
				"enablePullDownRefresh": true
			}
		}, {
			"path": "collage/product",
			"style": {
				"navigationBarTitleText": "商品详情",
				"enablePullDownRefresh": true
			}
		}, {
			"path": "collage/team",
			"style": {
				"navigationBarTitleText": "参团成员",
				"enablePullDownRefresh": true
			}
		}, {
			"path": "collage/buy",
			"style": {
				"navigationBarTitleText": "订单确认",
				"enablePullDownRefresh": false
			}
		}, {
			"path": "collage/orderlist",
			"style": {
				"navigationBarTitleText": "拼团订单列表",
				"enablePullDownRefresh": true,
				"titleNView": {
					"searchInput": {
						"placeholder": "输入关键字搜索",
						"borderRadius": "15px"
					},
					"buttons": [{
						"type": "home"
					}]
				}
			}
		}, {
			"path": "collage/orderdetail",
			"style": {
				"navigationBarTitleText": "订单详情",
				"enablePullDownRefresh": true
			}
		}, {
			"path": "collage/comment",
			"style": {
				"navigationBarTitleText": "我要评论",
				"enablePullDownRefresh": false
			}
		}, {
			"path": "collage/commentlist",
			"style": {
				"navigationBarTitleText": "商品评价",
				"enablePullDownRefresh": false
			}
		}, {
			"path": "collage/refund",
			"style": {
				"navigationBarTitleText": "申请退款",
				"enablePullDownRefresh": true
			}
		}, {
			"path": "seckill/index",
			"style": {
				"navigationBarTitleText": "秒杀列表",
				"enablePullDownRefresh": true
			}
		}, {
			"path": "seckill/product",
			"style": {
				"navigationBarTitleText": "秒杀商品",
				"enablePullDownRefresh": true
			}
		}, {
			"path": "seckill/buy",
			"style": {
				"navigationBarTitleText": "订单确认",
				"enablePullDownRefresh": false
			}
		}, {
			"path": "seckill/orderlist",
			"style": {
				"navigationBarTitleText": "秒杀订单列表",
				"enablePullDownRefresh": true,
				"titleNView": {
					"searchInput": {
						"placeholder": "输入关键字搜索",
						"borderRadius": "15px"
					},
					"buttons": [{
						"type": "home"
					}]
				}
			}
		}, {
			"path": "seckill/orderdetail",
			"style": {
				"navigationBarTitleText": "订单详情",
				"enablePullDownRefresh": true
			}
		}, {
			"path": "seckill/comment",
			"style": {
				"navigationBarTitleText": "我要评论",
				"enablePullDownRefresh": false
			}
		}, {
			"path": "seckill/commentlist",
			"style": {
				"navigationBarTitleText": "商品评价",
				"enablePullDownRefresh": false
			}
		}, {
			"path": "seckill/refund",
			"style": {
				"navigationBarTitleText": "申请退款",
				"enablePullDownRefresh": true
			}
		}, {
			"path": "tuangou/prolist",
			"style": {
				"navigationBarTitleText": "团购列表",
				"enablePullDownRefresh": true
			}
		}, {
			"path": "tuangou/product",
			"style": {
				"navigationBarTitleText": "团购商品",
				"enablePullDownRefresh": true
			}
		}, {
			"path": "tuangou/buy",
			"style": {
				"navigationBarTitleText": "订单确认",
				"enablePullDownRefresh": false
			}
		}, {
			"path": "tuangou/orderlist",
			"style": {
				"navigationBarTitleText": "团购订单列表",
				"enablePullDownRefresh": true,
				"titleNView": {
					"searchInput": {
						"placeholder": "输入关键字搜索",
						"borderRadius": "15px"
					},
					"buttons": [{
						"type": "home"
					}]
				}
			}
		}, {
			"path": "tuangou/orderdetail",
			"style": {
				"navigationBarTitleText": "订单详情",
				"enablePullDownRefresh": true
			}
		}, {
			"path": "tuangou/comment",
			"style": {
				"navigationBarTitleText": "我要评论",
				"enablePullDownRefresh": false
			}
		}, {
			"path": "tuangou/commentlist",
			"style": {
				"navigationBarTitleText": "商品评价",
				"enablePullDownRefresh": false
			}
		}, {
			"path": "tuangou/refund",
			"style": {
				"navigationBarTitleText": "申请退款",
				"enablePullDownRefresh": true
			}
		}, {
			"path": "xydzp/index",
			"style": {
				"navigationBarTitleText": "幸运大转盘",
				"enablePullDownRefresh": false
			}
		}, {
			"path": "xydzp/myprize",
			"style": {
				"navigationBarTitleText": "我的奖品",
				"enablePullDownRefresh": true
			}
		}, {
			"path": "ggk/index",
			"style": {
				"navigationBarTitleText": "刮刮卡",
				"enablePullDownRefresh": false
			}
		}, {
			"path": "ggk/myprize",
			"style": {
				"navigationBarTitleText": "我的奖品",
				"enablePullDownRefresh": true
			}
		}, {
			"path": "luntan/index",
			"style": {
				"navigationBarTitleText": "",
				"enablePullDownRefresh": true
			}
		}, {
			"path": "luntan/ltlist",
			"style": {
				"navigationBarTitleText": "",
				"enablePullDownRefresh": true
			}
		}, {
			"path": "luntan/detail",
			"style": {
				"navigationBarTitleText": "发现动态",
				"navigationBarBackgroundColor": "#000000",
				"navigationBarTextStyle": "white",
				"enablePullDownRefresh": true
			}
		}, {
			"path": "luntan/fatie",
			"style": {
				"navigationBarTitleText": "创作中心",
				"navigationBarBackgroundColor": "#f0f3ff",
				"navigationBarTextStyle": "black",
				"enablePullDownRefresh": true
			}
		}, {
			"path": "luntan/pinglun",
			"style": {
				"navigationBarTitleText": "评论",
				"enablePullDownRefresh": true
			}
		}, {
			"path": "luntan/fatielog",
			"style": {
				"navigationBarTitleText": "发帖记录",
				"enablePullDownRefresh": false
			}
		}, {
			"path": "luntan/focuslog",
			"style": {
				"navigationBarTitleText": "关注记录",
				"enablePullDownRefresh": false
			}
		}, {
			"path": "luntan/user",
			"style": {
				"navigationBarTitleText": "个人中心",
				"navigationBarBackgroundColor": "#000000",
				"navigationBarTextStyle": "white",
				"enablePullDownRefresh": false
			}
		}, {
			"path": "luntan/user_set",
			"style": {
				"navigationBarTitleText": "修改主页信息",
				"enablePullDownRefresh": false
			}
		}, {
			"path": "peisong/dating",
			"style": {
				"navigationBarTitleText": "接单大厅",
				"enablePullDownRefresh": true
			}
		}, {
			"path": "peisong/orderlist",
			"style": {
				"navigationBarTitleText": "我的配送单",
				"enablePullDownRefresh": true
			}
		}, {
			"path": "peisong/orderdetail",
			"style": {
				"navigationBarTitleText": "订单详情",
				"enablePullDownRefresh": true
			}
		}, {
			"path": "peisong/my",
			"style": {
				"navigationBarTitleText": "个人中心",
				"enablePullDownRefresh": true
			}
		}, {
			"path": "peisong/moneylog",
			"style": {
				"navigationBarTitleText": "余额明细"
			}
		}, {
			"path": "peisong/withdraw",
			"style": {
				"navigationBarTitleText": "余额提现"
			}
		}, {
			"path": "peisong/setinfo",
			"style": {
				"navigationBarTitleText": "提现设置"
			}
		}, {
			"path": "yuyue/selectpeople",
			"style": {
				"navigationBarTitleText": "人员列表",
				"enablePullDownRefresh": false
			}
		}, {
			"path": "yuyue/product",
			"style": {
				"navigationBarTitleText": "服务详情",
				"enablePullDownRefresh": true
			}
		}, {
			"path": "yuyue/product2",
			"style": {
				"navigationBarTitleText": "商品详情",
				"enablePullDownRefresh": false
			}
		}, {
			"path": "yuyue/prolist",
			"style": {
				"navigationBarTitleText": "服务列表",
				"enablePullDownRefresh": false
			}
		}, {
			"path": "yuyue/buy",
			"style": {
				"navigationBarTitleText": "订单确认",
				"enablePullDownRefresh": false
			}
		}, {
			"path": "yuyue/buy2",
			"style": {
				"navigationBarTitleText": "订单确认",
				"enablePullDownRefresh": false
			}
		}, {
			"path": "yuyue/orderlist",
			"style": {
				"navigationBarTitleText": "订单列表",
				"enablePullDownRefresh": false,
				"titleNView": {
					"searchInput": {
						"placeholder": "输入关键字搜索",
						"borderRadius": "15px"
					},
					"buttons": [{
						"type": "home"
					}]
				}
			}
		}, {
			"path": "yuyue/orderdetail",
			"style": {
				"navigationBarTitleText": "订单详情",
				"enablePullDownRefresh": false
			}
		}, {
			"path": "yuyue/logistics",
			"style": {
				"navigationBarTitleText": "查看进度",
				"enablePullDownRefresh": false
			}
		}, {
			"path": "yuyue/comment",
			"style": {
				"navigationBarTitleText": "评价",
				"enablePullDownRefresh": false
			}
		}, {
			"path": "yuyue/commentps",
			"style": {
				"navigationBarTitleText": "评价",
				"enablePullDownRefresh": false
			}
		}, {
			"path": "yuyue/commentlist",
			"style": {
				"navigationBarTitleText": "评价列表",
				"enablePullDownRefresh": false
			}
		}, {
			"path": "yuyue/peolist",
			"style": {
				"navigationBarTitleText": "人员列表",
				"enablePullDownRefresh": false
			}
		}, {
			"path": "yuyue/peolist2",
			"style": {
				"navigationBarTitleText": "师傅列表",
				"enablePullDownRefresh": false
			}
		}, {
			"path": "yuyue/peodetail",
			"style": {
				"navigationBarTitleText": "人员详情",
				"enablePullDownRefresh": false
			}
		}, {
			"path": "yuyue/peodetail2",
			"style": {
				"navigationBarTitleText": "师傅详情",
				"enablePullDownRefresh": false
			}
		}, {
			"path": "yuyue/jdorderlist",
			"style": {
				"navigationBarTitleText": "订单列表",
				"enablePullDownRefresh": false
			}
		}, {
			"path": "yuyue/jdorderdetail",
			"style": {
				"navigationBarTitleText": "订单详情",
				"enablePullDownRefresh": false
			}
		}, {
			"path": "yuyue/my",
			"style": {
				"navigationBarTitleText": "我的",
				"enablePullDownRefresh": false
			}
		}, {
			"path": "yuyue/dating",
			"style": {
				"navigationBarTitleText": "我的",
				"enablePullDownRefresh": false
			}
		}, {
			"path": "yuyue/moneylog",
			"style": {
				"navigationBarTitleText": "账单明细",
				"enablePullDownRefresh": false
			}
		}, {
			"path": "yuyue/search",
			"style": {
				"navigationBarTitleText": "搜索",
				"enablePullDownRefresh": false
			}
		}, {
			"path": "yuyue/refund",
			"style": {
				"navigationBarTitleText": "申请退款",
				"enablePullDownRefresh": false
			}
		}, {
			"path": "yuyue/setinfo",
			"style": {
				"navigationBarTitleText": "提现设置",
				"enablePullDownRefresh": false
			}
		}, {
			"path": "yuyue/withdraw",
			"style": {
				"navigationBarTitleText": "我的钱包",
				"enablePullDownRefresh": false
			}
		}, {
			"path": "yuyue/login",
			"style": {
				"navigationBarTitleText": "服务人员登录",
				"enablePullDownRefresh": false
			}
		}, {
			"path": "yuyue/setpwd",
			"style": {
				"navigationBarTitleText": "修改密码",
				"enablePullDownRefresh": false
			}
		}, {
			"path": "shortvideo/index",
			"style": {
				"navigationBarTitleText": "短视频列表"
			}
		}, {
			"path": "shortvideo/detail",
			"style": {
				"navigationBarTitleText": "",
				"navigationBarTextStyle": "white",
				"navigationStyle": "custom",
				"disableScroll": true,
				"mp-toutiao": {
					"navigationStyle": "default"
				},
				"mp-alipay": {
					"transparentTitle": "always",
					"titlePenetrate": "YES"
				},
				"titleNView": false
			}
		}, {
			"path": "shortvideo/uploadvideo",
			"style": {
				"navigationBarTitleText": "发布短视频"
			}
		}, {
			"path": "shortvideo/myupload",
			"style": {
				"navigationBarTitleText": "我的发表记录"
			}
		}, {
			"path": "kecheng/list",
			"style": {
				"navigationBarTitleText": "课程列表",
				"enablePullDownRefresh": false
			}
		}, {
			"path": "kecheng/product",
			"style": {
				"navigationBarTitleText": "课程详情",
				"enablePullDownRefresh": true
			}
		}, {
			"path": "kecheng/mldetail",
			"style": {
				"navigationBarTitleText": "目录详情",
				"enablePullDownRefresh": false
			}
		}, {
			"path": "kecheng/orderlist",
			"style": {
				"navigationBarTitleText": "我的课程",
				"enablePullDownRefresh": false,
				"titleNView": {
					"searchInput": {
						"placeholder": "输入关键字搜索",
						"borderRadius": "15px"
					},
					"buttons": [{
						"type": "home"
					}]
				}
			}
		}, {
			"path": "kecheng/tiku",
			"style": {
				"navigationBarTitleText": "开始答题",
				"enablePullDownRefresh": false
			}
		}, {
			"path": "kecheng/complete",
			"style": {
				"navigationBarTitleText": "答题完成",
				"enablePullDownRefresh": false
			}
		}, {
			"path": "kecheng/recordlog",
			"style": {
				"navigationBarTitleText": "答题记录",
				"enablePullDownRefresh": false
			}
		}, {
			"path": "kecheng/error",
			"style": {
				"navigationBarTitleText": "错题回顾",
				"enablePullDownRefresh": false
			}
		}, {
			"path": "kecheng/category3",
			"style": {
				"navigationBarTitleText": "课程分类",
				"enablePullDownRefresh": false
			}
		}, {
			"path": "luckycollage/classify",
			"style": {
				"navigationBarTitleText": "幸运拼团分类",
				"enablePullDownRefresh": true
			}
		}, {
			"path": "luckycollage/prolist",
			"style": {
				"navigationBarTitleText": "商品列表",
				"enablePullDownRefresh": true
			}
		}, {
			"path": "luckycollage/product",
			"style": {
				"navigationBarTitleText": "商品详情",
				"enablePullDownRefresh": true
			}
		}, {
			"path": "luckycollage/team",
			"style": {
				"navigationBarTitleText": "参团成员",
				"enablePullDownRefresh": true
			}
		}, {
			"path": "luckycollage/buy",
			"style": {
				"navigationBarTitleText": "订单确认",
				"enablePullDownRefresh": false
			}
		}, {
			"path": "luckycollage/orderlist",
			"style": {
				"navigationBarTitleText": "拼团订单列表",
				"enablePullDownRefresh": true,
				"titleNView": {
					"searchInput": {
						"placeholder": "输入关键字搜索",
						"borderRadius": "15px"
					},
					"buttons": [{
						"type": "home"
					}]
				}
			}
		}, {
			"path": "luckycollage/orderdetail",
			"style": {
				"navigationBarTitleText": "订单详情",
				"enablePullDownRefresh": true
			}
		}, {
			"path": "luckycollage/comment",
			"style": {
				"navigationBarTitleText": "我要评论",
				"enablePullDownRefresh": false
			}
		}, {
			"path": "luckycollage/commentlist",
			"style": {
				"navigationBarTitleText": "商品评价",
				"enablePullDownRefresh": false
			}
		}, {
			"path": "luckycollage/refund",
			"style": {
				"navigationBarTitleText": "申请退款",
				"enablePullDownRefresh": true
			}
		}, {
			"path": "luckycollage/index",
			"style": {
				"navigationBarTitleText": "开团列表",
				"enablePullDownRefresh": true
			}
		}, {
			"path": "luckycollage/product2",
			"style": {
				"navigationBarTitleText": "商品详情",
				"enablePullDownRefresh": true
			}
		}, {
			"path": "express/index",
			"style": {
				"navigationBarTitleText": "快递查询",
				"enablePullDownRefresh": false
			}
		}, {
			"path": "express/mail",
			"style": {
				"navigationBarTitleText": "寄快递",
				"enablePullDownRefresh": true
			}
		}, {
			"path": "express/addressadd",
			"style": {
				"navigationBarTitleText": "新增地址",
				"enablePullDownRefresh": false
			}
		}, {
			"path": "express/address",
			"style": {
				"navigationBarTitleText": "地址薄",
				"enablePullDownRefresh": true
			}
		}, {
			"path": "express/logistics",
			"style": {
				"navigationBarTitleText": "物流信息",
				"enablePullDownRefresh": true
			}
		}, {
			"path": "express/kddetail",
			"style": {
				"navigationBarTitleText": "快递详情",
				"enablePullDownRefresh": true
			}
		}, {
			"path": "toupiao/index",
			"style": {
				"navigationBarTitleText": "活动详情"
			}
		}, {
			"path": "toupiao/detail",
			"style": {
				"navigationBarTitleText": "投票详情"
			}
		}, {
			"path": "toupiao/phb",
			"style": {
				"navigationBarTitleText": "排行榜"
			}
		}, {
			"path": "toupiao/baoming",
			"style": {
				"navigationBarTitleText": "我要报名"
			}
		}, {
			"path": "toupiao/shuoming",
			"style": {
				"navigationBarTitleText": "活动说明"
			}
		}, {
			"path": "workorder/index",
			"style": {
				"navigationBarTitleText": "工单提交",
				"enablePullDownRefresh": true
			}
		}, {
			"path": "workorder/detail",
			"style": {
				"navigationBarTitleText": "工单详情",
				"enablePullDownRefresh": true
			}
		}, {
			"path": "workorder/record",
			"style": {
				"navigationBarTitleText": "工单列表",
				"enablePullDownRefresh": true
			}
		}, {
			"path": "yuebao/yuebaolog",
			"style": {
				"enablePullDownRefresh": true
			}
		}, {
			"path": "yuebao/withdraw",
			"style": {
				"enablePullDownRefresh": true
			}
		}]
	}, {
		"root": "pagesExt",
		"pages": [{
			"path": "shop/product",
			"style": {
				"navigationBarTitleText": "商品详情",
				"enablePullDownRefresh": true
			}
		}, {
			"path": "shop/commentlist",
			"style": {
				"navigationBarTitleText": "商品评价",
				"enablePullDownRefresh": true
			}
		}, {
			"path": "shop/cart",
			"style": {
				"navigationBarTitleText": "购物车",
				"enablePullDownRefresh": true
			}
		}, {
			"path": "shop/prolist",
			"style": {
				"navigationBarTitleText": "商品列表",
				"enablePullDownRefresh": false
			}
		}, {
			"path": "shop/search",
			"style": {
				"navigationBarTitleText": "商品搜索",
				"enablePullDownRefresh": false
			}
		}, {
			"path": "shop/category1",
			"style": {
				"navigationBarTitleText": "商品分类",
				"enablePullDownRefresh": false
			}
		}, {
			"path": "shop/category2",
			"style": {
				"navigationBarTitleText": "商品分类",
				"enablePullDownRefresh": false
			}
		}, {
			"path": "shop/category3",
			"style": {
				"navigationBarTitleText": "商品分类",
				"enablePullDownRefresh": false
			}
		}, {
			"path": "shop/category4",
			"style": {
				"navigationBarTitleText": "商品分类",
				"enablePullDownRefresh": false
			}
		}, {
			"path": "shop/classify",
			"style": {
				"navigationBarTitleText": "分类商品",
				"enablePullDownRefresh": false
			}
		}, {
			"path": "shop/classify2",
			"style": {
				"navigationBarTitleText": "分类商品",
				"enablePullDownRefresh": false
			}
		}, {
			"path": "shop/fastbuy",
			"style": {
				"navigationBarTitleText": "快速购买",
				"enablePullDownRefresh": false
			}
		}, {
			"path": "shop/fastbuy2",
			"style": {
				"navigationBarTitleText": "",
				"enablePullDownRefresh": false
			}
		}, {
			"path": "shop/buy",
			"style": {
				"navigationBarTitleText": "订单确认",
				"enablePullDownRefresh": false
			}
		}, {
			"path": "shop/mendian",
			"style": {
				"navigationBarTitleText": "门店",
				"enablePullDownRefresh": false
			}
		}, {
			"path": "my/levelinfo",
			"style": {
				"navigationBarTitleText": "等级说明",
				"enablePullDownRefresh": true
			}
		}, {
			"path": "my/levelup",
			"style": {
				"enablePullDownRefresh": false
			}
		}, {
			"path": "my/scorelog",
			"style": {
				"enablePullDownRefresh": true
			}
		}, {
			"path": "my/favorite",
			"style": {
				"navigationBarTitleText": "我的收藏",
				"enablePullDownRefresh": true
			}
		}, {
			"path": "my/history",
			"style": {
				"navigationBarTitleText": "我的足迹",
				"enablePullDownRefresh": true
			}
		}, {
			"path": "my/paypwd",
			"style": {
				"navigationBarTitleText": "设置支付密码",
				"enablePullDownRefresh": true
			}
		}, {
			"path": "my/set",
			"style": {
				"navigationBarTitleText": "个人设置",
				"enablePullDownRefresh": true
			}
		}, {
			"path": "my/setpwd",
			"style": {
				"navigationBarTitleText": "修改密码",
				"enablePullDownRefresh": true
			}
		}, {
			"path": "my/setnickname",
			"style": {
				"navigationBarTitleText": "设置昵称",
				"enablePullDownRefresh": false
			}
		}, {
			"path": "my/setrealname",
			"style": {
				"navigationBarTitleText": "设置姓名",
				"enablePullDownRefresh": false
			}
		}, {
			"path": "my/settel",
			"style": {
				"navigationBarTitleText": "设置手机号",
				"enablePullDownRefresh": false
			}
		}, {
			"path": "my/setsex",
			"style": {
				"navigationBarTitleText": "设置性别",
				"enablePullDownRefresh": false
			}
		}, {
			"path": "my/setbirthday",
			"style": {
				"navigationBarTitleText": "设置生日",
				"enablePullDownRefresh": false
			}
		}, {
			"path": "my/setaliaccount",
			"style": {
				"navigationBarTitleText": "设置支付宝账号",
				"enablePullDownRefresh": false
			}
		}, {
			"path": "my/setbankinfo",
			"style": {
				"navigationBarTitleText": "设置银行卡账号",
				"enablePullDownRefresh": false
			}
		}, {
			"path": "my/bscore",
			"style": {
				"enablePullDownRefresh": true
			}
		}, {
			"path": "my/bscorelog",
			"style": {
				"enablePullDownRefresh": true
			}
		}, {
			"path": "money/moneylog",
			"style": {
				"enablePullDownRefresh": true
			}
		}, {
			"path": "money/withdraw",
			"style": {
				"enablePullDownRefresh": true
			}
		}, {
			"path": "money/recharge",
			"style": {
				"enablePullDownRefresh": true
			}
		}, {
			"path": "money/rechargeToMember",
			"custom_file": "money_transfer",
			"style": {
				"enablePullDownRefresh": true
			}
		}, {
			"path": "order/orderlist",
			"style": {
				"navigationBarTitleText": "订单列表",
				"enablePullDownRefresh": true,
				"titleNView": {
					"searchInput": {
						"placeholder": "输入关键字搜索",
						"borderRadius": "15px"
					},
					"buttons": [{
						"type": "home"
					}]
				}
			}
		}, {
			"path": "order/refundlist",
			"style": {
				"navigationBarTitleText": "退款订单",
				"enablePullDownRefresh": true,
				"titleNView": {
					"searchInput": {
						"placeholder": "输入关键字搜索",
						"borderRadius": "15px"
					},
					"buttons": [{
						"type": "home"
					}]
				}
			}
		}, {
			"path": "order/refundDetail",
			"style": {
				"navigationBarTitleText": "退款详情",
				"enablePullDownRefresh": true
			}
		}, {
			"path": "order/comment",
			"style": {
				"navigationBarTitleText": "我要评论",
				"enablePullDownRefresh": false
			}
		}, {
			"path": "order/commentdp",
			"style": {
				"navigationBarTitleText": "店铺评价",
				"enablePullDownRefresh": false
			}
		}, {
			"path": "order/commentps",
			"style": {
				"navigationBarTitleText": "评价配送员",
				"enablePullDownRefresh": false
			}
		}, {
			"path": "order/detail",
			"style": {
				"navigationBarTitleText": "订单详情",
				"enablePullDownRefresh": true
			}
		}, {
			"path": "order/logistics",
			"style": {
				"navigationBarTitleText": "查看物流",
				"enablePullDownRefresh": true
			}
		}, {
			"path": "order/refundSelect",
			"style": {
				"navigationBarTitleText": "申请退款",
				"enablePullDownRefresh": true
			}
		}, {
			"path": "order/refund",
			"style": {
				"navigationBarTitleText": "申请退款",
				"enablePullDownRefresh": true
			}
		}, {
			"path": "order/invoice",
			"style": {
				"navigationBarTitleText": "发票",
				"enablePullDownRefresh": true
			}
		}, {
			"path": "business/index",
			"style": {
				"navigationBarTitleText": "商家详情",
				"enablePullDownRefresh": true
			}
		}, {
			"path": "business/main",
			"style": {
				"enablePullDownRefresh": true
			}
		}, {
			"path": "business/clist",
			"style": {
				"navigationBarTitleText": "商家列表",
				"enablePullDownRefresh": true
			}
		}, {
			"path": "business/blist",
			"style": {
				"navigationBarTitleText": "附近商家",
				"enablePullDownRefresh": true
			}
		}, {
			"path": "business/apply",
			"style": {
				"enablePullDownRefresh": true
			}
		}, {
			"path": "business/commentlist",
			"style": {
				"navigationBarTitleText": "商家评价",
				"enablePullDownRefresh": true
			}
		}, {
			"path": "business/clist2",
			"style": {
				"navigationBarTitleText": "选择商家",
				"enablePullDownRefresh": true
			}
		}, {
			"path": "business/mendian",
			"style": {
				"navigationBarTitleText": "门店",
				"enablePullDownRefresh": false
			}
		}, {
			"path": "lipin/index",
			"style": {
				"navigationBarTitleText": "兑换中心",
				"enablePullDownRefresh": true
			}
		}, {
			"path": "lipin/prodh",
			"style": {
				"navigationBarTitleText": "兑换商品",
				"enablePullDownRefresh": true
			}
		}, {
			"path": "lipin/dhlog",
			"style": {
				"navigationBarTitleText": "兑换记录",
				"enablePullDownRefresh": true
			}
		}, {
			"path": "sign/index",
			"style": {
				"navigationBarTitleText": "签到",
				"enablePullDownRefresh": true
			}
		}, {
			"path": "sign/signrecord",
			"style": {
				"navigationBarTitleText": "签到记录",
				"enablePullDownRefresh": true
			}
		}, {
			"path": "coupon/record",
			"style": {
				"navigationBarTitleText": "使用记录"
			}
		}, {
			"path": "coupon/couponlist",
			"style": {
				"navigationBarTitleText": "领券中心",
				"enablePullDownRefresh": true
			}
		}, {
			"path": "coupon/mycoupon",
			"style": {
				"enablePullDownRefresh": true
			}
		}, {
			"path": "coupon/coupondetail",
			"style": {
				"enablePullDownRefresh": true
			}
		}, {
			"path": "coupon/coupongive",
			"style": {
				"enablePullDownRefresh": true
			}
		}, {
			"path": "pay/pay",
			"style": {
				"navigationBarTitleText": "收银台",
				"enablePullDownRefresh": true
			}
		}, {
			"path": "pay/transfer",
			"custom_file": "pay_transfer",
			"style": {
				"navigationBarTitleText": "",
				"enablePullDownRefresh": true
			}
		}, {
			"path": "cycle/product",
			"style": {
				"navigationBarTitleText": "商品详情"
			}
		}, {
			"path": "cycle/planDetail",
			"style": {
				"navigationBarTitleText": "计划详情"
			}
		}, {
			"path": "cycle/buy",
			"style": {
				"navigationBarTitleText": "订单确认"
			}
		}, {
			"path": "cycle/checkDate",
			"style": {
				"navigationBarTitleText": "选择日期"
			}
		}, {
			"path": "cycle/planList",
			"style": {
				"navigationBarTitleText": "计划列表"
			}
		}, {
			"path": "cycle/orderList",
			"style": {
				"navigationBarTitleText": "订单列表",
				"enablePullDownRefresh": true
			}
		}, {
			"path": "cycle/orderDetail",
			"style": {
				"navigationBarTitleText": "订单详情",
				"navigationBarTextStyle": "white",
				"navigationBarBackgroundColor": "#FD4A46"
			}
		}, {
			"path": "cycle/planWrite",
			"style": {
				"navigationBarTitleText": "填写计划"
			}
		}, {
			"path": "cycle/logistics",
			"style": {
				"navigationBarTitleText": "物流信息"
			}
		}, {
			"path": "cycle/refund",
			"style": {
				"navigationBarTitleText": "申请退款"
			}
		}, {
			"path": "cycle/comment",
			"style": {
				"navigationBarTitleText": "评价"
			}
		}, {
			"path": "cycle/commentps",
			"style": {
				"navigationBarTitleText": "评价配送员"
			}
		}, {
			"path": "cycle/commentlist",
			"style": {
				"navigationBarTitleText": "评论列表"
			}
		}, {
			"path": "cycle/prolist",
			"style": {
				"navigationBarTitleText": "周期购商品"
			}
		}, {
			"path": "yueke/orderlist",
			"style": {
				"navigationBarTitleText": "订单列表",
				"enablePullDownRefresh": false,
				"titleNView": {
					"searchInput": {
						"placeholder": "输入关键字搜索",
						"borderRadius": "15px"
					},
					"buttons": [{
						"type": "home"
					}]
				}
			}
		}, {
			"path": "yueke/orderdetail",
			"style": {
				"navigationBarTitleText": "订单详情",
				"enablePullDownRefresh": false
			}
		}, {
			"path": "yueke/workerlogin",
			"style": {
				"navigationBarTitleText": "教练登录",
				"enablePullDownRefresh": false
			}
		}, {
			"path": "yueke/workerorderlist",
			"style": {
				"navigationBarTitleText": "预约记录",
				"enablePullDownRefresh": false,
				"titleNView": {
					"searchInput": {
						"placeholder": "输入关键字搜索",
						"borderRadius": "15px"
					},
					"buttons": [{
						"type": "home"
					}]
				}
			}
		}, {
			"path": "yueke/workerorderdetail",
			"style": {
				"navigationBarTitleText": "预约详情",
				"enablePullDownRefresh": false
			}
		}, {
			"path": "mingpian/index",
			"style": {
				"navigationBarTitleText": "名片详情",
				"enablePullDownRefresh": false
			}
		}, {
			"path": "mingpian/edit",
			"style": {
				"navigationBarTitleText": "名片编辑",
				"enablePullDownRefresh": false
			}
		}, {
			"path": "mingpian/favorite",
			"style": {
				"navigationBarTitleText": "我的名片夹",
				"enablePullDownRefresh": false
			}
		}, {
			"path": "mingpian/readlog",
			"style": {
				"navigationBarTitleText": "查看记录",
				"enablePullDownRefresh": false
			}
		}, {
			"path": "mingpian/favoritelog",
			"style": {
				"navigationBarTitleText": "收藏记录",
				"enablePullDownRefresh": false
			}
		}, {
			"path": "fifa/index",
			"style": {
				"navigationBarTitleText": "世界杯竞猜",
				"enablePullDownRefresh": true
			}
		}, {
			"path": "fifa/detail",
			"style": {
				"navigationBarTitleText": "竞猜详情",
				"enablePullDownRefresh": true
			}
		}, {
			"path": "my/fuchi",
			"custom_file": "commission_frozen",
			"style": {
				"navigationBarTitleText": "",
				"enablePullDownRefresh": true
			}
		}, {
			"path": "hbtk/index",
			"custom_file": "yx_hbtk",
			"style": {
				"navigationBarTitleText": "",
				"enablePullDownRefresh": false
			}
		}, {
			"path": "hbtk/orderlist",
			"custom_file": "yx_hbtk",
			"style": {
				"navigationBarTitleText": "记录列表",
				"enablePullDownRefresh": false
			}
		}, {
			"path": "hbtk/orderdetail",
			"custom_file": "yx_hbtk",
			"style": {
				"navigationBarTitleText": "记录详情",
				"enablePullDownRefresh": false
			}
		}, {
			"path": "paotui/index",
			"custom_file": "paotui",
			"style": {
				"navigationBarTitleText": "跑腿",
				"enablePullDownRefresh": false
			}
		}, {
			"path": "paotui/address",
			"custom_file": "paotui",
			"style": {
				"navigationBarTitleText": "",
				"enablePullDownRefresh": false
			}
		}, {
			"path": "paotui/orderlist",
			"custom_file": "paotui",
			"style": {
				"navigationBarTitleText": "订单列表",
				"enablePullDownRefresh": true
			}
		}, {
			"path": "paotui/orderdetail",
			"custom_file": "paotui",
			"style": {
				"navigationBarTitleText": "订单详情",
				"enablePullDownRefresh": true
			}
		}, {
			"path": "article/artlist",
			"style": {
				"enablePullDownRefresh": true
			}
		}, {
			"path": "article/detail",
			"style": {
				"enablePullDownRefresh": true
			}
		}, {
			"path": "article/pinglun",
			"style": {
				"navigationBarTitleText": "",
				"enablePullDownRefresh": true
			}
		}, {
			"path": "commission/tjbusinessList",
			"custom_file": "business_agent",
			"style": {
				"navigationBarTitleText": "推荐商家"
			}
		}, {
			"path": "checkdate/checkDate",
			"style": {
				"navigationBarTitleText": "选择日期",
				"enablePullDownRefresh": true
			}
		}]
	}, {
		"root": "pagesZ",
		"pages": [{
			"path": "order/refundDetail",
			"style": {
				"navigationBarTitleText": "退款详情",
				"enablePullDownRefresh": true,
				"mp-weixin": {
					"usingComponents": {
						"sales-return": "plugin://logisticsPlugin/sales-return"
					}
				}
			}
		}]
	}, {
		"root": "admin",
		"pages": [{
			"path": "index/login",
			"style": {
				"navigationBarTitleText": "管理员登录"
			}
		}, {
			"path": "index/index",
			"style": {
				"navigationBarTitleText": "管理中心",
				"enablePullDownRefresh": true,
				"navigationStyle": "custom"
			}
		}, {
			"path": "index/indexcopy",
			"style": {
				"navigationBarTitleText": "管理中心",
				"navigationStyle": "custom",
				"enablePullDownRefresh": true
			}
		}, {
			"path": "index/setpage",
			"style": {
				"navigationBarTitleText": "配置"
			}
		}, {
			"path": "index/setnotice",
			"style": {
				"navigationBarTitleText": "通知管理"
			}
		}, {
			"path": "index/setpwd",
			"style": {
				"navigationBarTitleText": "修改密码"
			}
		}, {
			"path": "index/setinfo",
			"style": {
				"navigationBarTitleText": "店铺设置"
			}
		}, {
			"path": "index/recharge",
			"style": {
				"navigationBarTitleText": "店铺设置"
			}
		}, {
			"path": "hexiao/hexiao",
			"style": []
		}, {
			"path": "hexiao/record",
			"style": {
				"navigationBarTitleText": "我的核销",
				"enablePullDownRefresh": true,
				"titleNView": {
					"searchInput": {
						"placeholder": "输入用户昵称搜索",
						"borderRadius": "15px"
					},
					"buttons": [{
						"type": "home"
					}]
				}
			}
		}, {
			"path": "finance/index",
			"style": {
				"navigationBarTitleText": "财务",
				"navigationStyle": "custom"
			}
		}, {
			"path": "finance/indexcopy",
			"style": {
				"navigationBarTitleText": "财务copy",
				"navigationStyle": "custom"
			}
		}, {
			"path": "finance/commissionlog",
			"style": []
		}, {
			"path": "finance/comwithdrawdetail",
			"style": []
		}, {
			"path": "finance/comwithdrawlog",
			"style": []
		}, {
			"path": "finance/moneylog",
			"style": []
		}, {
			"path": "finance/bscorelog",
			"style": []
		}, {
			"path": "finance/rechargelog",
			"style": {
				"navigationBarTitleText": "充值记录"
			}
		}, {
			"path": "finance/withdrawdetail",
			"style": []
		}, {
			"path": "finance/withdrawlog",
			"style": []
		}, {
			"path": "finance/bmoneylog",
			"style": {
				"navigationBarTitleText": "余额明细"
			}
		}, {
			"path": "finance/bwithdraw",
			"style": {
				"navigationBarTitleText": "余额提现"
			}
		}, {
			"path": "finance/bwithdrawlog",
			"style": {
				"navigationBarTitleText": "提现记录"
			}
		}, {
			"path": "finance/txset",
			"style": {
				"navigationBarTitleText": "提现信息"
			}
		}, {
			"path": "finance/yuebaowithdrawlog",
			"style": {
				"enablePullDownRefresh": true
			}
		}, {
			"path": "finance/yuebaowithdrawdetail",
			"style": []
		}, {
			"path": "finance/yuebaolog",
			"style": []
		}, {
			"path": "finance/mdmoneylog",
			"style": {
				"navigationBarTitleText": "余额明细"
			}
		}, {
			"path": "finance/mdwithdraw",
			"style": {
				"navigationBarTitleText": "余额提现"
			}
		}, {
			"path": "finance/mdwithdrawlog",
			"style": {
				"navigationBarTitleText": "提现记录"
			}
		}, {
			"path": "finance/mdtxset",
			"style": {
				"navigationBarTitleText": "提现信息"
			}
		}, {
			"path": "kefu/index",
			"style": {
				"navigationBarTitleText": "消息列表"
			}
		}, {
			"path": "kefu/message",
			"style": {
				"titleNView": {
					"searchInput": {
						"placeholder": "输入关键字搜索",
						"borderRadius": "15px"
					},
					"buttons": [{
						"type": "home"
					}]
				}
			}
		}, {
			"path": "member/index",
			"style": []
		}, {
			"path": "member/detail",
			"style": []
		}, {
			"path": "member/richinfo",
			"style": {
				"navigationBarTitleText": "详细介绍"
			}
		}, {
			"path": "member/history",
			"style": {
				"navigationBarTitleText": "足迹"
			}
		}, {
			"path": "order/collageorder",
			"style": {
				"navigationBarTitleText": "拼团订单",
				"enablePullDownRefresh": true,
				"titleNView": {
					"searchInput": {
						"placeholder": "输入关键字搜索",
						"borderRadius": "15px"
					},
					"buttons": [{
						"type": "home"
					}]
				}
			}
		}, {
			"path": "order/collageorderdetail",
			"style": {
				"navigationBarTitleText": "订单详情",
				"enablePullDownRefresh": true
			}
		}, {
			"path": "order/cycleorder",
			"style": {
				"navigationBarTitleText": "周期购订单",
				"enablePullDownRefresh": true,
				"titleNView": {
					"searchInput": {
						"placeholder": "输入关键字搜索",
						"borderRadius": "15px"
					},
					"buttons": [{
						"type": "home"
					}]
				}
			}
		}, {
			"path": "order/cycleorderdetail",
			"style": {
				"navigationBarTitleText": "订单详情",
				"enablePullDownRefresh": true
			}
		}, {
			"path": "order/cycleplanlist",
			"style": {
				"navigationBarTitleText": "计划列表",
				"enablePullDownRefresh": true
			}
		}, {
			"path": "order/cycleplandetail",
			"style": {
				"navigationBarTitleText": "计划详情",
				"enablePullDownRefresh": true
			}
		}, {
			"path": "order/luckycollageorder",
			"style": {
				"navigationBarTitleText": "幸运拼团订单",
				"enablePullDownRefresh": true,
				"titleNView": {
					"searchInput": {
						"placeholder": "输入关键字搜索",
						"borderRadius": "15px"
					},
					"buttons": [{
						"type": "home"
					}]
				}
			}
		}, {
			"path": "order/luckycollageorderdetail",
			"style": {
				"navigationBarTitleText": "订单详情",
				"enablePullDownRefresh": true
			}
		}, {
			"path": "order/kanjiaorder",
			"style": {
				"navigationBarTitleText": "砍价订单",
				"enablePullDownRefresh": true,
				"titleNView": {
					"searchInput": {
						"placeholder": "输入关键字搜索",
						"borderRadius": "15px"
					},
					"buttons": [{
						"type": "home"
					}]
				}
			}
		}, {
			"path": "order/kanjiaorderdetail",
			"style": {
				"navigationBarTitleText": "订单详情",
				"enablePullDownRefresh": true
			}
		}, {
			"path": "order/seckillorder",
			"style": {
				"navigationBarTitleText": "秒杀订单",
				"enablePullDownRefresh": true,
				"titleNView": {
					"searchInput": {
						"placeholder": "输入关键字搜索",
						"borderRadius": "15px"
					},
					"buttons": [{
						"type": "home"
					}]
				}
			}
		}, {
			"path": "order/seckillorderdetail",
			"style": {
				"navigationBarTitleText": "订单详情",
				"enablePullDownRefresh": true
			}
		}, {
			"path": "order/yuyueorder",
			"style": {
				"navigationBarTitleText": "预约订单",
				"enablePullDownRefresh": true,
				"titleNView": {
					"searchInput": {
						"placeholder": "输入关键字搜索",
						"borderRadius": "15px"
					},
					"buttons": [{
						"type": "home"
					}]
				}
			}
		}, {
			"path": "order/yuyueorderdetail",
			"style": {
				"navigationBarTitleText": "订单详情",
				"enablePullDownRefresh": true
			}
		}, {
			"path": "order/scoreshoporder",
			"style": {
				"navigationBarTitleText": "积分兑换订单",
				"enablePullDownRefresh": true,
				"titleNView": {
					"searchInput": {
						"placeholder": "输入关键字搜索",
						"borderRadius": "15px"
					},
					"buttons": [{
						"type": "home"
					}]
				}
			}
		}, {
			"path": "order/scoreshoporderdetail",
			"style": {
				"navigationBarTitleText": "订单详情",
				"enablePullDownRefresh": true
			}
		}, {
			"path": "order/shoporder",
			"style": {
				"navigationBarTitleText": "商城订单",
				"enablePullDownRefresh": true,
				"titleNView": {
					"searchInput": {
						"placeholder": "输入关键字搜索",
						"borderRadius": "15px"
					},
					"buttons": [{
						"type": "home"
					}]
				}
			}
		}, {
			"path": "order/shoporderdetail",
			"style": {
				"navigationBarTitleText": "订单详情",
				"enablePullDownRefresh": true
			}
		}, {
			"path": "order/shopRefundOrder",
			"style": {
				"navigationBarTitleText": "退款订单",
				"enablePullDownRefresh": true,
				"titleNView": {
					"searchInput": {
						"placeholder": "输入关键字搜索",
						"borderRadius": "15px"
					},
					"buttons": [{
						"type": "home"
					}]
				}
			}
		}, {
			"path": "order/shopRefundOrderDetail",
			"style": {
				"navigationBarTitleText": "退款订单详情",
				"enablePullDownRefresh": true
			}
		}, {
			"path": "order/tuangouorder",
			"style": {
				"navigationBarTitleText": "团购订单",
				"enablePullDownRefresh": true,
				"titleNView": {
					"searchInput": {
						"placeholder": "输入关键字搜索",
						"borderRadius": "15px"
					},
					"buttons": [{
						"type": "home"
					}]
				}
			}
		}, {
			"path": "order/tuangouorderdetail",
			"style": {
				"navigationBarTitleText": "订单详情",
				"enablePullDownRefresh": true
			}
		}, {
			"path": "order/yuekeorder",
			"style": {
				"navigationBarTitleText": "约课记录",
				"enablePullDownRefresh": true,
				"titleNView": {
					"searchInput": {
						"placeholder": "输入关键字搜索",
						"borderRadius": "15px"
					},
					"buttons": [{
						"type": "home"
					}]
				}
			}
		}, {
			"path": "order/yuekeorderdetail",
			"style": {
				"navigationBarTitleText": "约课详情",
				"enablePullDownRefresh": true
			}
		}, {
			"path": "order/maidanlog"
		}, {
			"path": "order/addmember",
			"custom_file": "member_add",
			"style": {
				"navigationBarTitleText": "添加会员",
				"enablePullDownRefresh": false
			}
		}, {
			"path": "form/formlog",
			"style": {
				"navigationBarTitleText": "表单提交记录",
				"titleNView": {
					"searchInput": {
						"placeholder": "输入关键字搜索",
						"borderRadius": "15px"
					},
					"buttons": [{
						"type": "home"
					}]
				}
			}
		}, {
			"path": "form/formdetail",
			"style": {
				"navigationBarTitleText": "表单提交记录"
			}
		}, {
			"path": "shortvideo/uploadvideo",
			"style": {
				"navigationBarTitleText": "发布短视频"
			}
		}, {
			"path": "shortvideo/myupload",
			"style": {
				"navigationBarTitleText": "我的发表记录"
			}
		}, {
			"path": "product/edit",
			"style": {
				"navigationBarTitleText": "商品设置"
			}
		}, {
			"path": "product/index",
			"style": {
				"navigationBarTitleText": "商品管理",
				"enablePullDownRefresh": true,
				"titleNView": {
					"searchInput": {
						"placeholder": "输入关键字搜索",
						"borderRadius": "15px"
					},
					"buttons": [{
						"type": "home"
					}]
				}
			}
		}, {
			"path": "index/businessqr",
			"style": {
				"navigationBarTitleText": "推广码"
			}
		}, {
			"path": "restaurant/product/edit",
			"style": {
				"navigationBarTitleText": "菜品设置"
			}
		}, {
			"path": "restaurant/product/index",
			"style": {
				"navigationBarTitleText": "菜品管理",
				"enablePullDownRefresh": true,
				"titleNView": {
					"searchInput": {
						"placeholder": "输入关键字搜索",
						"borderRadius": "15px"
					},
					"buttons": [{
						"type": "home"
					}]
				}
			}
		}, {
			"path": "restaurant/category/edit",
			"style": {
				"navigationBarTitleText": "菜品分类设置"
			}
		}, {
			"path": "restaurant/category/index",
			"style": {
				"navigationBarTitleText": "菜品分类管理",
				"enablePullDownRefresh": true
			}
		}, {
			"path": "restaurant/tableEdit",
			"style": {
				"navigationBarTitleText": "餐桌设置"
			}
		}, {
			"path": "restaurant/table",
			"style": {
				"navigationBarTitleText": "餐桌管理",
				"enablePullDownRefresh": true
			}
		}, {
			"path": "restaurant/tableWaiter",
			"style": {
				"navigationBarTitleText": "餐桌管理",
				"enablePullDownRefresh": true
			}
		}, {
			"path": "restaurant/tableWaiterDetail",
			"style": {
				"navigationBarTitleText": "餐桌详情",
				"enablePullDownRefresh": true
			}
		}, {
			"path": "restaurant/tableWaiterPay",
			"style": {
				"navigationBarTitleText": "结算",
				"enablePullDownRefresh": true
			}
		}, {
			"path": "restaurant/tableCategoryEdit",
			"style": {
				"navigationBarTitleText": "餐桌分类设置"
			}
		}, {
			"path": "restaurant/tableCategory",
			"style": {
				"navigationBarTitleText": "餐桌分类管理",
				"enablePullDownRefresh": true
			}
		}, {
			"path": "restaurant/takeawayorder",
			"style": {
				"navigationBarTitleText": "外卖订单",
				"enablePullDownRefresh": true,
				"titleNView": {
					"searchInput": {
						"placeholder": "输入关键字搜索",
						"borderRadius": "15px"
					},
					"buttons": [{
						"type": "home"
					}]
				}
			}
		}, {
			"path": "restaurant/takeawayorderdetail",
			"style": {
				"navigationBarTitleText": "外卖订单",
				"enablePullDownRefresh": true
			}
		}, {
			"path": "restaurant/shoporder",
			"style": {
				"navigationBarTitleText": "点餐订单",
				"enablePullDownRefresh": true,
				"titleNView": {
					"searchInput": {
						"placeholder": "输入关键字搜索",
						"borderRadius": "15px"
					},
					"buttons": [{
						"type": "home"
					}]
				}
			}
		}, {
			"path": "restaurant/shoporderdetail",
			"style": {
				"navigationBarTitleText": "点餐订单",
				"enablePullDownRefresh": true
			}
		}, {
			"path": "restaurant/shoporderEdit",
			"style": {
				"navigationBarTitleText": "点餐订单",
				"enablePullDownRefresh": true
			}
		}, {
			"path": "restaurant/bookingorder",
			"style": {
				"navigationBarTitleText": "预定订单",
				"enablePullDownRefresh": true,
				"titleNView": {
					"searchInput": {
						"placeholder": "输入预订人姓名或手机号搜索",
						"borderRadius": "15px"
					},
					"buttons": [{
						"type": "home"
					}]
				}
			}
		}, {
			"path": "restaurant/bookingorderdetail",
			"style": {
				"navigationBarTitleText": "预定订单",
				"enablePullDownRefresh": true
			}
		}, {
			"path": "restaurant/depositorder",
			"style": {
				"navigationBarTitleText": "寄存订单",
				"enablePullDownRefresh": true,
				"titleNView": {
					"searchInput": {
						"placeholder": "输入寄存名称、姓名或手机号搜索",
						"borderRadius": "15px"
					},
					"buttons": [{
						"type": "home"
					}]
				}
			}
		}, {
			"path": "restaurant/depositorderdetail",
			"style": {
				"navigationBarTitleText": "寄存订单",
				"enablePullDownRefresh": true
			}
		}, {
			"path": "restaurant/booking",
			"style": {
				"navigationBarTitleText": "添加预定",
				"enablePullDownRefresh": true
			}
		}, {
			"path": "restaurant/bookingTableList",
			"style": {
				"navigationBarTitleText": "选择餐桌",
				"enablePullDownRefresh": true
			}
		}, {
			"path": "restaurant/queue",
			"style": {
				"navigationBarTitleText": "排队叫号",
				"enablePullDownRefresh": true
			}
		}, {
			"path": "restaurant/queueCategory",
			"style": {
				"navigationBarTitleText": "排队管理",
				"enablePullDownRefresh": true
			}
		}, {
			"path": "restaurant/queueCategoryEdit",
			"style": {
				"navigationBarTitleText": "排队管理",
				"enablePullDownRefresh": true
			}
		}, {
			"path": "yingxiao/queueFree",
			"custom_file": "yx_queue_free",
			"style": {
				"navigationBarTitleText": "排队记录",
				"enablePullDownRefresh": true
			}
		}]
	}, {
		"root": "adminExt",
		"pages": [{
			"path": "order/maidanlog",
			"style": {
				"navigationBarTitleText": "买单记录",
				"enablePullDownRefresh": true,
				"titleNView": {
					"searchInput": {
						"placeholder": "输入用户昵称或订单号搜索",
						"borderRadius": "15px"
					},
					"buttons": [{
						"type": "home"
					}]
				}
			}
		}, {
			"path": "order/maidandetail",
			"style": {
				"navigationBarTitleText": "买单详情",
				"enablePullDownRefresh": true
			}
		}, {
			"path": "order/maidanindex",
			"style": {
				"navigationBarTitleText": "买单统计",
				"enablePullDownRefresh": true
			}
		}]
	}, {
		"root": "restaurant",
		"pages": [{
			"path": "takeaway/blist",
			"style": {
				"navigationBarTitleText": "商家列表"
			}
		}, {
			"path": "takeaway/index",
			"style": {
				"navigationBarTitleText": "外卖"
			}
		}, {
			"path": "takeaway/product",
			"style": {
				"navigationBarTitleText": "商品详情"
			}
		}, {
			"path": "takeaway/commentlist",
			"style": {
				"navigationBarTitleText": "商品评价",
				"enablePullDownRefresh": true
			}
		}, {
			"path": "takeaway/buy",
			"style": {
				"navigationBarTitleText": "订单确认"
			}
		}, {
			"path": "takeaway/orderlist",
			"style": {
				"navigationBarTitleText": "外卖订单",
				"enablePullDownRefresh": true,
				"titleNView": {
					"searchInput": {
						"placeholder": "输入关键字搜索",
						"borderRadius": "15px"
					},
					"buttons": [{
						"type": "home"
					}]
				}
			}
		}, {
			"path": "takeaway/comment",
			"style": {
				"navigationBarTitleText": "我要评论",
				"enablePullDownRefresh": false
			}
		}, {
			"path": "takeaway/commentdp",
			"style": {
				"navigationBarTitleText": "店铺评价",
				"enablePullDownRefresh": false
			}
		}, {
			"path": "takeaway/commentps",
			"style": {
				"navigationBarTitleText": "评价配送员",
				"enablePullDownRefresh": false
			}
		}, {
			"path": "takeaway/orderdetail",
			"style": {
				"navigationBarTitleText": "订单详情",
				"enablePullDownRefresh": true
			}
		}, {
			"path": "takeaway/logistics",
			"style": {
				"navigationBarTitleText": "查看物流",
				"enablePullDownRefresh": true
			}
		}, {
			"path": "takeaway/refund",
			"style": {
				"navigationBarTitleText": "申请退款",
				"enablePullDownRefresh": true
			}
		}, {
			"path": "takeaway/search",
			"style": {
				"navigationBarTitleText": "搜索",
				"enablePullDownRefresh": true
			}
		}, {
			"path": "shop/index",
			"style": {
				"navigationBarTitleText": "点餐"
			}
		}, {
			"path": "shop/search",
			"style": {
				"navigationBarTitleText": "搜索"
			}
		}, {
			"path": "shop/product",
			"style": {
				"navigationBarTitleText": "商品详情"
			}
		}, {
			"path": "shop/commentlist",
			"style": {
				"navigationBarTitleText": "商品评价",
				"enablePullDownRefresh": true
			}
		}, {
			"path": "shop/buy",
			"style": {
				"navigationBarTitleText": "订单确认"
			}
		}, {
			"path": "shop/orderlist",
			"style": {
				"navigationBarTitleText": "点餐记录",
				"enablePullDownRefresh": true
			}
		}, {
			"path": "shop/comment",
			"style": {
				"navigationBarTitleText": "我要评论",
				"enablePullDownRefresh": false
			}
		}, {
			"path": "shop/commentdp",
			"style": {
				"navigationBarTitleText": "店铺评价",
				"enablePullDownRefresh": false
			}
		}, {
			"path": "shop/commentps",
			"style": {
				"navigationBarTitleText": "评价配送员",
				"enablePullDownRefresh": false
			}
		}, {
			"path": "shop/orderdetail",
			"style": {
				"navigationBarTitleText": "订单详情",
				"enablePullDownRefresh": true
			}
		}, {
			"path": "shop/logistics",
			"style": {
				"navigationBarTitleText": "查看物流",
				"enablePullDownRefresh": true
			}
		}, {
			"path": "shop/refund",
			"style": {
				"navigationBarTitleText": "申请退款",
				"enablePullDownRefresh": true
			}
		}, {
			"path": "booking/add",
			"style": {
				"navigationBarTitleText": "预定",
				"enablePullDownRefresh": false
			}
		}, {
			"path": "booking/tableList",
			"style": {
				"navigationBarTitleText": "餐桌列表",
				"enablePullDownRefresh": true
			}
		}, {
			"path": "booking/orderlist",
			"style": {
				"navigationBarTitleText": "预定列表",
				"enablePullDownRefresh": true
			}
		}, {
			"path": "booking/detail",
			"style": {
				"navigationBarTitleText": "预定详情",
				"enablePullDownRefresh": true
			}
		}, {
			"path": "queue/index",
			"style": {
				"navigationBarTitleText": "排队信息",
				"enablePullDownRefresh": true
			}
		}, {
			"path": "queue/quhao",
			"style": {
				"navigationBarTitleText": "取号排队",
				"enablePullDownRefresh": true
			}
		}, {
			"path": "queue/record",
			"style": {
				"navigationBarTitleText": "排队记录",
				"enablePullDownRefresh": true
			}
		}, {
			"path": "deposit/orderlog",
			"style": {
				"navigationBarTitleText": "存取记录"
			}
		}, {
			"path": "deposit/orderdetail",
			"style": {
				"navigationBarTitleText": "寄存"
			}
		}, {
			"path": "deposit/add",
			"style": {
				"navigationBarTitleText": "添加寄存"
			}
		}]
	}, {
		"root": "pagesA",
		"pages": [{
			"path": "qrcode/index",
			"custom_file": "extend_qrcode",
			"style": {
				"navigationBarTitleText": "",
				"enablePullDownRefresh": false
			}
		}, {
			"path": "my/invitecashbacklog",
			"custom_file": "yx_invite_cashback",
			"style": {
				"navigationBarTitleText": "邀请返现明细",
				"enablePullDownRefresh": true
			}
		}, {
			"path": "cashier/orderlist",
			"style": {
				"navigationBarTitleText": "订单列表",
				"enablePullDownRefresh": true
			}
		}, {
			"path": "cashier/orderdetail",
			"style": {
				"navigationBarTitleText": "订单详情",
				"enablePullDownRefresh": true
			}
		}, {
			"path": "cashback/index",
			"style": {
				"navigationBarTitleText": "返现活动",
				"enablePullDownRefresh": true
			}
		}, {
			"path": "cashback/recordlog",
			"style": {
				"navigationBarTitleText": "返现记录",
				"enablePullDownRefresh": true
			}
		}, {
			"path": "queueFree/index",
			"custom_file": "yx_queue_free",
			"style": {
				"navigationBarTitleText": "排队返现",
				"enablePullDownRefresh": true
			}
		}, {
			"path": "livepay/mobile_recharge",
			"style": {
				"navigationBarTitleText": "手机充值",
				"enablePullDownRefresh": false
			}
		}, {
			"path": "livepay/ordinary_recharge",
			"style": {
				"navigationBarTitleText": "充值",
				"enablePullDownRefresh": false
			}
		}, {
			"path": "livepay/record_recharge",
			"style": {
				"navigationBarTitleText": "充值记录",
				"enablePullDownRefresh": true
			}
		}, {
			"path": "form/formlog",
			"style": {
				"navigationBarTitleText": "提交记录",
				"enablePullDownRefresh": true,
				"titleNView": {
					"searchInput": {
						"placeholder": "输入关键字搜索",
						"borderRadius": "15px"
					},
					"buttons": [{
						"type": "home"
					}]
				}
			}
		}, {
			"path": "form/formdetail",
			"style": {
				"navigationBarTitleText": "详细信息",
				"enablePullDownRefresh": true
			}
		}]
	}, {
		"root": "pagesB",
		"pages": [{
			"path": "shoporderranking/index",
			"custom_file": "shoporder_ranking",
			"style": {
				"navigationBarTitleText": "",
				"enablePullDownRefresh": false
			}
		}, {
			"path": "shoporderranking/log",
			"custom_file": "shoporder_ranking",
			"style": {
				"navigationBarTitleText": "",
				"enablePullDownRefresh": false
			}
		}, {
			"path": "shoporderranking/detail",
			"custom_file": "shoporder_ranking",
			"style": {
				"navigationBarTitleText": "",
				"enablePullDownRefresh": false
			}
		}, {
			"path": "team/teamyjranking",
			"custom_file": "team_yeji_ranking",
			"style": {
				"navigationBarTitleText": "团队业绩排行榜",
				"enablePullDownRefresh": false
			}
		}, {
			"path": "kecheng/classify",
			"style": {
				"navigationBarTitleText": "课程分类",
				"enablePullDownRefresh": false
			}
		}]
	}],
	"navigateToMiniProgramAppIdList": ["wxeb490c6f9b154ef9", "wx2b03c6e691cd7370"],
	"requiredPrivateInfos": ["chooseAddress", "chooseLocation", "getLocation"],
	"sitemapLocation": "sitemap.json",
	"permission": {
		"scope.userLocation": {
			"desc": "你的位置信息将用于获取距离信息"
		}
	},
	"condition": {
		"current": 0,
		"list": [{
			"name": "",
			"path": "",
			"query": ""
		}]
	}
}