{
	"pages": [ //pages数组中第一项表示应用启动页，参考：https://uniapp.dcloud.io/collocation/pages
		{
			"path": "pages/clock/index",
			"style": {
				"navigationBarTitleText": "打卡记录"
			}
		},
		{
			"path": "pages/clock/jzlist",
			"style": {
				"navigationBarTitleText": "减重记录"
			}
		},
		{
			"path": "pages/clock/jzclock",
			"style": {
				"navigationBarTitleText": "减重打卡"
			}
		},
		{
			"path": "pages/clock/yslist",
			"style": {
				"navigationBarTitleText": "饮食记录"
			}
		},
		{
			"path": "pages/clock/yszaoc",
			"style": {
				"navigationBarTitleText": "早餐打卡"
			}
		},
		{
			"path": "pages/clock/yswuc",
			"style": {
				"navigationBarTitleText": "午餐打卡"
			}
		},
		{
			"path": "pages/clock/yswanc",
			"style": {
				"navigationBarTitleText": "晚餐打卡"
			}
		},
		{
			"path": "pages/clock/ysjiac",
			"style": {
				"navigationBarTitleText": "加餐打卡"
			}
		}
	],
	"globalStyle": {
		"navigationBarTextStyle": "black",
		"navigationBarTitleText": "uni-app",
		"navigationBarBackgroundColor": "#F8F8F8",
		"backgroundColor": "#F8F8F8"
	},
	"uniIdRouter": {}
}
