{
	"description": "项目配置文件。",
	"packOptions": {
		"ignore": []
	},
	"setting": {
		"urlCheck": true,
		"es6": true,
		"postcss": true,
		"minified": true,
		"newFeature": true
	},
	"compileType": "miniprogram",
	"libVersion": "1.9.94",
	"appid": "wxb3d57e4f1f98ff1a",
	"projectname": "%E5%95%86%E5%9F%8E%E6%BC%94%E7%A4%BA%E7%A8%8B%E5%BA%8F",
	"simulatorType": "wechat",
	"simulatorPluginLibVersion": {},
	"condition": {
		"search": {
			"current": -1,
			"list": []
		},
		"conversation": {
			"current": -1,
			"list": []
		},
		"plugin": {
			"current": -1,
			"list": []
		},
		"game": {
			"currentL": -1,
			"list": []
		},
		"gamePlugin": {
			"current": -1,
			"list": []
		},
		"miniprogram": {
			"current": -1,
			"list": [
				{
					"id": -1,
					"name": "pages/catlist/catlist",
					"pathName": "pages/catlist/catlist",
					"query": "",
					"scene": null
				},
				{
					"id": 1,
					"name": "pages/pay/pay",
					"pathName": "pages/pay/pay",
					"query": "id=101",
					"scene": null
				},
				{
					"id": -1,
					"name": "pages/my/my",
					"pathName": "pages/my/my",
					"query": "",
					"scene": null
				},
				{
					"id": -1,
					"name": "pages/my/my/qrcode",
					"pathName": "pages/my/my/qrcode",
					"query": "",
					"scene": null
				},
				{
					"id": 4,
					"name": "pages/details/details",
					"pathName": "pages/details/details",
					"query": "id= 381",
					"scene": null
				},
				{
					"id": 5,
					"name": "pages/personalinfor/personalinfor",
					"pathName": "pages/personalinfor/personalinfor",
					"query": "id= 381",
					"scene": null
				}
			]
		}
	}
}