{
	"pages": [
		{
			"path": "pages/weight/ziliao",
			"style": {
				// "navigationBarTextStyle": "white",
				// "navigationBarBackgroundColor": "#9B7FE5",
				// "navigationBarTitleText": "填写资料"
			}
		},
		{
			"path": "pages/weight/index",
			"style": {
				"navigationBarTextStyle": "white",
				"navigationBarBackgroundColor": "#9B7FE5",
				"navigationBarTitleText": "体重管理"
			}
		},
		{
			"path": "pages/weight/baogaodetail",
			"style": {
				"navigationBarTextStyle": "white",
				"navigationBarBackgroundColor": "#9B7FE5",
				"navigationBarTitleText": "数据指标详情"
			}
		},
		{
			"path": "pages/weight/baogao",
			"style": {
				"navigationBarTextStyle": "white",
				"navigationBarBackgroundColor": "#9B7FE5",
				"navigationBarTitleText": "健康报告"
			}
		}
	],
	"globalStyle": {
		"navigationBarTextStyle": "black",
		"navigationBarTitleText": "uni-app",
		"navigationBarBackgroundColor": "#F8F8F8",
		"backgroundColor": "#F8F8F8"
	},
	"uniIdRouter": {}
}
