{
	"pages": [
		{
			"path": "pages/school/yxintro",
			"style": {
				"navigationBarTitleText": "4_院系介绍"
			}
		},
		{
			"path": "pages/school/zyintro",
			"style": {
				"navigationBarTitleText": "5_艺术史论"
			}
		},
		{
			"path": "pages/school/zydetail",
			"style": {
				"navigationBarTitleText": "6_专业详情"
			}
		},
		{
			"path": "pages/school/detail",
			"style": {
				"navigationBarTitleText": "7_详情"
			}
		},
		{
			"path": "pages/school/videolist",
			"style": {
				"navigationBarTitleText": "2_视频"
			}
		},
		{
			"path": "pages/school/ysjs",
			"style": {
				"navigationBarTitleText": "3_院系介绍"
			}
		},
		{
			"path": "pages/school/issue",
			"style": {
				"navigationBarTitleText": "8_热门问题"
			}
		},
		{
			"path": "pages/school/zsgudie",
			"style": {
				"navigationBarTitleText": "9_招生计划"
			}
		},
		{
			"path": "pages/school/fsgudie",
			"style": {
				"navigationBarTitleText": "10_历年分数"
			}
		},
		{
			"path": "pages/school/lqfsgudie",
			"style": {
				"navigationBarTitleText": "10_录取分数"
			}
		}
	],
	"globalStyle": {
		"navigationBarTextStyle": "black",
		"navigationBarTitleText": "uni-app",
		"navigationBarBackgroundColor": "#F8F8F8",
		"backgroundColor": "#F8F8F8"
	},
	"uniIdRouter": {}
}
